"filename", "language", "PHP", "Markdown", "JSON", "JavaScript", "CSS", "HTML", "comment", "blank", "total"
"c:\xampp\htdocs\ReeyaEcommerce\404.html", "HTML", 0, 0, 0, 0, 0, 1195, 5, 8, 1208
"c:\xampp\htdocs\ReeyaEcommerce\about.php", "PHP", 133, 0, 0, 0, 0, 0, 0, 8, 141
"c:\xampp\htdocs\ReeyaEcommerce\account.php", "PHP", 7, 0, 0, 0, 0, 0, 0, 0, 7
"c:\xampp\htdocs\ReeyaEcommerce\admin\add-admin.php", "PHP", 79, 0, 0, 0, 0, 0, 11, 11, 101
"c:\xampp\htdocs\ReeyaEcommerce\admin\add-category.php", "PHP", 75, 0, 0, 0, 0, 0, 11, 11, 97
"c:\xampp\htdocs\ReeyaEcommerce\admin\add-product.php", "PHP", 150, 0, 0, 0, 0, 0, 14, 17, 181
"c:\xampp\htdocs\ReeyaEcommerce\admin\add-redeem.php", "PHP", 83, 0, 0, 0, 0, 0, 11, 11, 105
"c:\xampp\htdocs\ReeyaEcommerce\admin\admin.php", "PHP", 86, 0, 0, 0, 0, 0, 14, 17, 117
"c:\xampp\htdocs\ReeyaEcommerce\admin\category.php", "PHP", 79, 0, 0, 0, 0, 0, 12, 16, 107
"c:\xampp\htdocs\ReeyaEcommerce\admin\css\404.css", "CSS", 0, 0, 0, 0, 101, 0, 2, 4, 107
"c:\xampp\htdocs\ReeyaEcommerce\admin\css\style.css", "CSS", 0, 0, 0, 0, 564, 0, 2, 58, 624
"c:\xampp\htdocs\ReeyaEcommerce\admin\edit-category.php", "PHP", 83, 0, 0, 0, 0, 0, 11, 12, 106
"c:\xampp\htdocs\ReeyaEcommerce\admin\edit-product.php", "PHP", 117, 0, 0, 0, 0, 0, 11, 14, 142
"c:\xampp\htdocs\ReeyaEcommerce\admin\edit-redeem.php", "PHP", 95, 0, 0, 0, 0, 0, 11, 13, 119
"c:\xampp\htdocs\ReeyaEcommerce\admin\include\bottom.php", "PHP", 7, 0, 0, 0, 0, 0, 0, 3, 10
"c:\xampp\htdocs\ReeyaEcommerce\admin\include\logout.php", "PHP", 13, 0, 0, 0, 0, 0, 0, 3, 16
"c:\xampp\htdocs\ReeyaEcommerce\admin\include\sidebar.php", "PHP", 128, 0, 0, 0, 0, 0, 10, 15, 153
"c:\xampp\htdocs\ReeyaEcommerce\admin\index.php", "PHP", 77, 0, 0, 0, 0, 0, 0, 12, 89
"c:\xampp\htdocs\ReeyaEcommerce\admin\js\datatable.js", "JavaScript", 0, 0, 0, 0, 0, 0, 51, 12, 63
"c:\xampp\htdocs\ReeyaEcommerce\admin\js\index.js", "JavaScript", 0, 0, 0, 14, 0, 0, 1, 7, 22
"c:\xampp\htdocs\ReeyaEcommerce\admin\login.php", "PHP", 116, 0, 0, 0, 0, 0, 3, 16, 135
"c:\xampp\htdocs\ReeyaEcommerce\admin\orders.php", "PHP", 91, 0, 0, 0, 0, 0, 12, 19, 122
"c:\xampp\htdocs\ReeyaEcommerce\admin\payments.php", "PHP", 91, 0, 0, 0, 0, 0, 12, 19, 122
"c:\xampp\htdocs\ReeyaEcommerce\admin\php\add-admin.php", "PHP", 24, 0, 0, 0, 0, 0, 0, 6, 30
"c:\xampp\htdocs\ReeyaEcommerce\admin\php\add-category.php", "PHP", 14, 0, 0, 0, 0, 0, 0, 6, 20
"c:\xampp\htdocs\ReeyaEcommerce\admin\php\add-product.php", "PHP", 66, 0, 0, 0, 0, 0, 15, 18, 99
"c:\xampp\htdocs\ReeyaEcommerce\admin\php\add-redeem.php", "PHP", 25, 0, 0, 0, 0, 0, 0, 7, 32
"c:\xampp\htdocs\ReeyaEcommerce\admin\php\admin-login.php", "PHP", 26, 0, 0, 0, 0, 0, 1, 5, 32
"c:\xampp\htdocs\ReeyaEcommerce\admin\php\change-admin-status.php", "PHP", 27, 0, 0, 0, 0, 0, 3, 9, 39
"c:\xampp\htdocs\ReeyaEcommerce\admin\php\change-user-status.php", "PHP", 27, 0, 0, 0, 0, 0, 3, 9, 39
"c:\xampp\htdocs\ReeyaEcommerce\admin\php\connection.php", "PHP", 10, 0, 0, 0, 0, 0, 5, 4, 19
"c:\xampp\htdocs\ReeyaEcommerce\admin\php\delete-category.php", "PHP", 9, 0, 0, 0, 0, 0, 0, 0, 9
"c:\xampp\htdocs\ReeyaEcommerce\admin\php\delete-product.php", "PHP", 9, 0, 0, 0, 0, 0, 0, 0, 9
"c:\xampp\htdocs\ReeyaEcommerce\admin\php\delete-redeem.php", "PHP", 9, 0, 0, 0, 0, 0, 0, 0, 9
"c:\xampp\htdocs\ReeyaEcommerce\admin\php\edit-category.php", "PHP", 15, 0, 0, 0, 0, 0, 0, 5, 20
"c:\xampp\htdocs\ReeyaEcommerce\admin\php\edit-product.php", "PHP", 51, 0, 0, 0, 0, 0, 4, 10, 65
"c:\xampp\htdocs\ReeyaEcommerce\admin\php\edit-redeem.php", "PHP", 26, 0, 0, 0, 0, 0, 0, 6, 32
"c:\xampp\htdocs\ReeyaEcommerce\admin\php\update-admin.php", "PHP", 22, 0, 0, 0, 0, 0, 0, 5, 27
"c:\xampp\htdocs\ReeyaEcommerce\admin\products.php", "PHP", 88, 0, 0, 0, 0, 0, 12, 16, 116
"c:\xampp\htdocs\ReeyaEcommerce\admin\redeem-code.php", "PHP", 85, 0, 0, 0, 0, 0, 12, 16, 113
"c:\xampp\htdocs\ReeyaEcommerce\admin\settings.php", "PHP", 75, 0, 0, 0, 0, 0, 11, 15, 101
"c:\xampp\htdocs\ReeyaEcommerce\admin\users.php", "PHP", 92, 0, 0, 0, 0, 0, 12, 18, 122
"c:\xampp\htdocs\ReeyaEcommerce\cart.php", "PHP", 116, 0, 0, 0, 0, 0, 3, 8, 127
"c:\xampp\htdocs\ReeyaEcommerce\checkout.php", "PHP", 200, 0, 0, 0, 0, 0, 9, 16, 225
"c:\xampp\htdocs\ReeyaEcommerce\contact.php", "PHP", 53, 0, 0, 0, 0, 0, 0, 2, 55
"c:\xampp\htdocs\ReeyaEcommerce\css\404.css", "CSS", 0, 0, 0, 0, 101, 0, 2, 4, 107
"c:\xampp\htdocs\ReeyaEcommerce\css\stripeStyle.css", "CSS", 0, 0, 0, 0, 130, 0, 1, 23, 154
"c:\xampp\htdocs\ReeyaEcommerce\css\style.css", "CSS", 0, 0, 0, 0, 1840, 0, 39, 92, 1971
"c:\xampp\htdocs\ReeyaEcommerce\includes\connect.php", "PHP", 10, 0, 0, 0, 0, 0, 5, 4, 19
"c:\xampp\htdocs\ReeyaEcommerce\includes\footer-menu.php", "PHP", 44, 0, 0, 0, 0, 0, 0, 1, 45
"c:\xampp\htdocs\ReeyaEcommerce\includes\footer.php", "PHP", 2, 0, 0, 0, 0, 0, 0, 2, 4
"c:\xampp\htdocs\ReeyaEcommerce\includes\header.php", "PHP", 68, 0, 0, 0, 0, 0, 7, 11, 86
"c:\xampp\htdocs\ReeyaEcommerce\includes\navbar.php", "PHP", 114, 0, 0, 0, 0, 0, 4, 12, 130
"c:\xampp\htdocs\ReeyaEcommerce\index.php", "PHP", 251, 0, 0, 0, 0, 0, 1, 16, 268
"c:\xampp\htdocs\ReeyaEcommerce\js\aboutUsSlider.js", "JavaScript", 0, 0, 0, 60, 0, 0, 11, 14, 85
"c:\xampp\htdocs\ReeyaEcommerce\js\cartCalculation.js", "JavaScript", 0, 0, 0, 61, 0, 0, 11, 15, 87
"c:\xampp\htdocs\ReeyaEcommerce\js\checkoutV.js", "JavaScript", 0, 0, 0, 76, 0, 0, 10, 15, 101
"c:\xampp\htdocs\ReeyaEcommerce\js\contactUsValidation.js", "JavaScript", 0, 0, 0, 55, 0, 0, 6, 9, 70
"c:\xampp\htdocs\ReeyaEcommerce\js\flashsalecard.js", "JavaScript", 0, 0, 0, 74, 0, 0, 10, 11, 95
"c:\xampp\htdocs\ReeyaEcommerce\js\imageslider.js", "JavaScript", 0, 0, 0, 24, 0, 0, 1, 4, 29
"c:\xampp\htdocs\ReeyaEcommerce\js\product-details.js", "JavaScript", 0, 0, 0, 11, 0, 0, 0, 2, 13
"c:\xampp\htdocs\ReeyaEcommerce\js\signinValidation.js", "JavaScript", 0, 0, 0, 64, 0, 0, 6, 10, 80
"c:\xampp\htdocs\ReeyaEcommerce\js\signupValidation.js", "JavaScript", 0, 0, 0, 105, 0, 0, 9, 14, 128
"c:\xampp\htdocs\ReeyaEcommerce\login.php", "PHP", 51, 0, 0, 0, 0, 0, 0, 0, 51
"c:\xampp\htdocs\ReeyaEcommerce\order-success.php", "PHP", 243, 0, 0, 0, 0, 0, 15, 33, 291
"c:\xampp\htdocs\ReeyaEcommerce\php\add-to-cart.php", "PHP", 79, 0, 0, 0, 0, 0, 14, 23, 116
"c:\xampp\htdocs\ReeyaEcommerce\php\add-wishlist.php", "PHP", 36, 0, 0, 0, 0, 0, 5, 9, 50
"c:\xampp\htdocs\ReeyaEcommerce\php\billing-update.php", "PHP", 122, 0, 0, 0, 0, 0, 30, 28, 180
"c:\xampp\htdocs\ReeyaEcommerce\php\delete-wishlist.php", "PHP", 28, 0, 0, 0, 0, 0, 3, 8, 39
"c:\xampp\htdocs\ReeyaEcommerce\php\delete_from_cart.php", "PHP", 31, 0, 0, 0, 0, 0, 2, 10, 43
"c:\xampp\htdocs\ReeyaEcommerce\php\move-all-to-cart.php", "PHP", 46, 0, 0, 0, 0, 0, 7, 11, 64
"c:\xampp\htdocs\ReeyaEcommerce\php\redeem_coupon.php", "PHP", 39, 0, 0, 0, 0, 0, 7, 10, 56
"c:\xampp\htdocs\ReeyaEcommerce\php\stripe-payment.php", "PHP", 63, 0, 0, 0, 0, 0, 10, 12, 85
"c:\xampp\htdocs\ReeyaEcommerce\php\update-cart.php", "PHP", 40, 0, 0, 0, 0, 0, 4, 10, 54
"c:\xampp\htdocs\ReeyaEcommerce\php\user-login.php", "PHP", 33, 0, 0, 0, 0, 0, 5, 7, 45
"c:\xampp\htdocs\ReeyaEcommerce\php\user-signup.php", "PHP", 36, 0, 0, 0, 0, 0, 5, 8, 49
"c:\xampp\htdocs\ReeyaEcommerce\product-details.php", "PHP", 185, 0, 0, 0, 0, 0, 0, 6, 191
"c:\xampp\htdocs\ReeyaEcommerce\signup.php", "PHP", 69, 0, 0, 0, 0, 0, 0, 1, 70
"c:\xampp\htdocs\ReeyaEcommerce\stripe-payment.php", "PHP", 120, 0, 0, 0, 0, 0, 2, 6, 128
"c:\xampp\htdocs\ReeyaEcommerce\stripe-php\CHANGELOG.md", "Markdown", 0, 1317, 0, 0, 0, 0, 0, 682, 1999
"c:\xampp\htdocs\ReeyaEcommerce\stripe-php\README.md", "Markdown", 0, 201, 0, 0, 0, 0, 0, 98, 299
"c:\xampp\htdocs\ReeyaEcommerce\stripe-php\composer.json", "JSON", 0, 0, 48, 0, 0, 0, 0, 1, 49
"c:\xampp\htdocs\ReeyaEcommerce\stripe-php\init.php", "PHP", 278, 0, 0, 0, 0, 0, 14, 16, 308
"c:\xampp\htdocs\ReeyaEcommerce\stripe-php\lib\Account.php", "PHP", 167, 0, 0, 0, 0, 0, 197, 39, 403
"c:\xampp\htdocs\ReeyaEcommerce\stripe-php\lib\AccountLink.php", "PHP", 7, 0, 0, 0, 0, 0, 15, 5, 27
"c:\xampp\htdocs\ReeyaEcommerce\stripe-php\lib\ApiOperations\All.php", "PHP", 20, 0, 0, 0, 0, 0, 13, 5, 38
"c:\xampp\htdocs\ReeyaEcommerce\stripe-php\lib\ApiOperations\Create.php", "PHP", 14, 0, 0, 0, 0, 0, 13, 5, 32
"c:\xampp\htdocs\ReeyaEcommerce\stripe-php\lib\ApiOperations\Delete.php", "PHP", 13, 0, 0, 0, 0, 0, 13, 5, 31
"c:\xampp\htdocs\ReeyaEcommerce\stripe-php\lib\ApiOperations\NestedResource.php", "PHP", 46, 0, 0, 0, 0, 0, 73, 17, 136
"c:\xampp\htdocs\ReeyaEcommerce\stripe-php\lib\ApiOperations\Request.php", "PHP", 43, 0, 0, 0, 0, 0, 48, 10, 101
"c:\xampp\htdocs\ReeyaEcommerce\stripe-php\lib\ApiOperations\Retrieve.php", "PHP", 12, 0, 0, 0, 0, 0, 15, 4, 31
"c:\xampp\htdocs\ReeyaEcommerce\stripe-php\lib\ApiOperations\Search.php", "PHP", 19, 0, 0, 0, 0, 0, 14, 5, 38
"c:\xampp\htdocs\ReeyaEcommerce\stripe-php\lib\ApiOperations\SingletonRetrieve.php", "PHP", 12, 0, 0, 0, 0, 0, 15, 4, 31
"c:\xampp\htdocs\ReeyaEcommerce\stripe-php\lib\ApiOperations\Update.php", "PHP", 24, 0, 0, 0, 0, 0, 26, 7, 57
"c:\xampp\htdocs\ReeyaEcommerce\stripe-php\lib\ApiRequestor.php", "PHP", 353, 0, 0, 0, 0, 0, 181, 84, 618
"c:\xampp\htdocs\ReeyaEcommerce\stripe-php\lib\ApiResource.php", "PHP", 64, 0, 0, 0, 0, 0, 41, 18, 123
"c:\xampp\htdocs\ReeyaEcommerce\stripe-php\lib\ApiResponse.php", "PHP", 17, 0, 0, 0, 0, 0, 21, 8, 46
"c:\xampp\htdocs\ReeyaEcommerce\stripe-php\lib\ApplePayDomain.php", "PHP", 14, 0, 0, 0, 0, 0, 12, 6, 32
"c:\xampp\htdocs\ReeyaEcommerce\stripe-php\lib\ApplicationFee.php", "PHP", 26, 0, 0, 0, 0, 0, 55, 10, 91
"c:\xampp\htdocs\ReeyaEcommerce\stripe-php\lib\ApplicationFeeRefund.php", "PHP", 31, 0, 0, 0, 0, 0, 27, 9, 67
"c:\xampp\htdocs\ReeyaEcommerce\stripe-php\lib\Apps\Secret.php", "PHP", 24, 0, 0, 0, 0, 0, 47, 9, 80
"c:\xampp\htdocs\ReeyaEcommerce\stripe-php\lib\Balance.php", "PHP", 7, 0, 0, 0, 0, 0, 24, 5, 36
"c:\xampp\htdocs\ReeyaEcommerce\stripe-php\lib\BalanceTransaction.php", "PHP", 40, 0, 0, 0, 0, 0, 26, 6, 72
"c:\xampp\htdocs\ReeyaEcommerce\stripe-php\lib\BankAccount.php", "PHP", 56, 0, 0, 0, 0, 0, 65, 15, 136
"c:\xampp\htdocs\ReeyaEcommerce\stripe-php\lib\BaseStripeClient.php", "PHP", 145, 0, 0, 0, 0, 0, 125, 43, 313
"c:\xampp\htdocs\ReeyaEcommerce\stripe-php\lib\BaseStripeClientInterface.php", "PHP", 10, 0, 0, 0, 0, 0, 28, 7, 45
"c:\xampp\htdocs\ReeyaEcommerce\stripe-php\lib\BillingPortal\Configuration.php", "PHP", 10, 0, 0, 0, 0, 0, 19, 5, 34
"c:\xampp\htdocs\ReeyaEcommerce\stripe-php\lib\BillingPortal\Session.php", "PHP", 7, 0, 0, 0, 0, 0, 31, 5, 43
"c:\xampp\htdocs\ReeyaEcommerce\stripe-php\lib\Capability.php", "PHP", 43, 0, 0, 0, 0, 0, 33, 13, 89
"c:\xampp\htdocs\ReeyaEcommerce\stripe-php\lib\Card.php", "PHP", 53, 0, 0, 0, 0, 0, 71, 15, 139
"c:\xampp\htdocs\ReeyaEcommerce\stripe-php\lib\CashBalance.php", "PHP", 28, 0, 0, 0, 0, 0, 28, 11, 67
"c:\xampp\htdocs\ReeyaEcommerce\stripe-php\lib\Charge.php", "PHP", 72, 0, 0, 0, 0, 0, 84, 11, 167
"c:\xampp\htdocs\ReeyaEcommerce\stripe-php\lib\Checkout\Session.php", "PHP", 43, 0, 0, 0, 0, 0, 87, 16, 146
"c:\xampp\htdocs\ReeyaEcommerce\stripe-php\lib\Collection.php", "PHP", 158, 0, 0, 0, 0, 0, 118, 40, 316
"c:\xampp\htdocs\ReeyaEcommerce\stripe-php\lib\CountrySpec.php", "PHP", 8, 0, 0, 0, 0, 0, 18, 5, 31
"c:\xampp\htdocs\ReeyaEcommerce\stripe-php\lib\Coupon.php", "PHP", 11, 0, 0, 0, 0, 0, 30, 5, 46
"c:\xampp\htdocs\ReeyaEcommerce\stripe-php\lib\CreditNote.php", "PHP", 47, 0, 0, 0, 0, 0, 71, 16, 134
"c:\xampp\htdocs\ReeyaEcommerce\stripe-php\lib\CreditNoteLineItem.php", "PHP", 6, 0, 0, 0, 0, 0, 19, 4, 29
"c:\xampp\htdocs\ReeyaEcommerce\stripe-php\lib\Customer.php", "PHP", 127, 0, 0, 0, 0, 0, 233, 34, 394
"c:\xampp\htdocs\ReeyaEcommerce\stripe-php\lib\CustomerBalanceTransaction.php", "PHP", 48, 0, 0, 0, 0, 0, 44, 13, 105
"c:\xampp\htdocs\ReeyaEcommerce\stripe-php\lib\CustomerCashBalanceTransaction.php", "PHP", 15, 0, 0, 0, 0, 0, 22, 6, 43
"c:\xampp\htdocs\ReeyaEcommerce\stripe-php\lib\Discount.php", "PHP", 6, 0, 0, 0, 0, 0, 15, 3, 24
"c:\xampp\htdocs\ReeyaEcommerce\stripe-php\lib\Dispute.php", "PHP", 38, 0, 0, 0, 0, 0, 36, 9, 83
"c:\xampp\htdocs\ReeyaEcommerce\stripe-php\lib\EphemeralKey.php", "PHP", 17, 0, 0, 0, 0, 0, 18, 8, 43
"c:\xampp\htdocs\ReeyaEcommerce\stripe-php\lib\ErrorObject.php", "PHP", 157, 0, 0, 0, 0, 0, 48, 4, 209
"c:\xampp\htdocs\ReeyaEcommerce\stripe-php\lib\Event.php", "PHP", 230, 0, 0, 0, 0, 0, 50, 6, 286
"c:\xampp\htdocs\ReeyaEcommerce\stripe-php\lib\Exception\ApiConnectionException.php", "PHP", 5, 0, 0, 0, 0, 0, 5, 3, 13
"c:\xampp\htdocs\ReeyaEcommerce\stripe-php\lib\Exception\ApiErrorException.php", "PHP", 102, 0, 0, 0, 0, 0, 93, 25, 220
"c:\xampp\htdocs\ReeyaEcommerce\stripe-php\lib\Exception\AuthenticationException.php", "PHP", 5, 0, 0, 0, 0, 0, 4, 3, 12
"c:\xampp\htdocs\ReeyaEcommerce\stripe-php\lib\Exception\BadMethodCallException.php", "PHP", 5, 0, 0, 0, 0, 0, 0, 3, 8
"c:\xampp\htdocs\ReeyaEcommerce\stripe-php\lib\Exception\CardException.php", "PHP", 38, 0, 0, 0, 0, 0, 38, 9, 85
"c:\xampp\htdocs\ReeyaEcommerce\stripe-php\lib\Exception\ExceptionInterface.php", "PHP", 11, 0, 0, 0, 0, 0, 9, 3, 23
"c:\xampp\htdocs\ReeyaEcommerce\stripe-php\lib\Exception\IdempotencyException.php", "PHP", 5, 0, 0, 0, 0, 0, 4, 3, 12
"c:\xampp\htdocs\ReeyaEcommerce\stripe-php\lib\Exception\InvalidArgumentException.php", "PHP", 5, 0, 0, 0, 0, 0, 0, 3, 8
"c:\xampp\htdocs\ReeyaEcommerce\stripe-php\lib\Exception\InvalidRequestException.php", "PHP", 27, 0, 0, 0, 0, 0, 27, 7, 61
"c:\xampp\htdocs\ReeyaEcommerce\stripe-php\lib\Exception\OAuth\ExceptionInterface.php", "PHP", 5, 0, 0, 0, 0, 0, 3, 3, 11
"c:\xampp\htdocs\ReeyaEcommerce\stripe-php\lib\Exception\OAuth\InvalidClientException.php", "PHP", 5, 0, 0, 0, 0, 0, 5, 3, 13
"c:\xampp\htdocs\ReeyaEcommerce\stripe-php\lib\Exception\OAuth\InvalidGrantException.php", "PHP", 5, 0, 0, 0, 0, 0, 6, 3, 14
"c:\xampp\htdocs\ReeyaEcommerce\stripe-php\lib\Exception\OAuth\InvalidRequestException.php", "PHP", 5, 0, 0, 0, 0, 0, 4, 3, 12
"c:\xampp\htdocs\ReeyaEcommerce\stripe-php\lib\Exception\OAuth\InvalidScopeException.php", "PHP", 5, 0, 0, 0, 0, 0, 3, 3, 11
"c:\xampp\htdocs\ReeyaEcommerce\stripe-php\lib\Exception\OAuth\OAuthErrorException.php", "PHP", 12, 0, 0, 0, 0, 0, 4, 4, 20
"c:\xampp\htdocs\ReeyaEcommerce\stripe-php\lib\Exception\OAuth\UnknownOAuthErrorException.php", "PHP", 5, 0, 0, 0, 0, 0, 5, 3, 13
"c:\xampp\htdocs\ReeyaEcommerce\stripe-php\lib\Exception\OAuth\UnsupportedGrantTypeException.php", "PHP", 5, 0, 0, 0, 0, 0, 4, 3, 12
"c:\xampp\htdocs\ReeyaEcommerce\stripe-php\lib\Exception\OAuth\UnsupportedResponseTypeException.php", "PHP", 5, 0, 0, 0, 0, 0, 4, 3, 12
"c:\xampp\htdocs\ReeyaEcommerce\stripe-php\lib\Exception\PermissionException.php", "PHP", 5, 0, 0, 0, 0, 0, 4, 3, 12
"c:\xampp\htdocs\ReeyaEcommerce\stripe-php\lib\Exception\RateLimitException.php", "PHP", 5, 0, 0, 0, 0, 0, 5, 3, 13
"c:\xampp\htdocs\ReeyaEcommerce\stripe-php\lib\Exception\SignatureVerificationException.php", "PHP", 33, 0, 0, 0, 0, 0, 33, 9, 75
"c:\xampp\htdocs\ReeyaEcommerce\stripe-php\lib\Exception\UnexpectedValueException.php", "PHP", 5, 0, 0, 0, 0, 0, 0, 3, 8
"c:\xampp\htdocs\ReeyaEcommerce\stripe-php\lib\Exception\UnknownApiErrorException.php", "PHP", 5, 0, 0, 0, 0, 0, 5, 3, 13
"c:\xampp\htdocs\ReeyaEcommerce\stripe-php\lib\ExchangeRate.php", "PHP", 8, 0, 0, 0, 0, 0, 18, 5, 31
"c:\xampp\htdocs\ReeyaEcommerce\stripe-php\lib\File.php", "PHP", 36, 0, 0, 0, 0, 0, 38, 10, 84
"c:\xampp\htdocs\ReeyaEcommerce\stripe-php\lib\FileLink.php", "PHP", 10, 0, 0, 0, 0, 0, 16, 5, 31
"c:\xampp\htdocs\ReeyaEcommerce\stripe-php\lib\FinancialConnections\Account.php", "PHP", 43, 0, 0, 0, 0, 0, 48, 14, 105
"c:\xampp\htdocs\ReeyaEcommerce\stripe-php\lib\FinancialConnections\AccountOwner.php", "PHP", 6, 0, 0, 0, 0, 0, 11, 4, 21
"c:\xampp\htdocs\ReeyaEcommerce\stripe-php\lib\FinancialConnections\AccountOwnership.php", "PHP", 6, 0, 0, 0, 0, 0, 9, 4, 19
"c:\xampp\htdocs\ReeyaEcommerce\stripe-php\lib\FinancialConnections\Session.php", "PHP", 8, 0, 0, 0, 0, 0, 15, 5, 28
"c:\xampp\htdocs\ReeyaEcommerce\stripe-php\lib\FundingInstructions.php", "PHP", 7, 0, 0, 0, 0, 0, 17, 5, 29
"c:\xampp\htdocs\ReeyaEcommerce\stripe-php\lib\HttpClient\ClientInterface.php", "PHP", 6, 0, 0, 0, 0, 0, 14, 3, 23
"c:\xampp\htdocs\ReeyaEcommerce\stripe-php\lib\HttpClient\CurlClient.php", "PHP", 423, 0, 0, 0, 0, 0, 199, 118, 740
"c:\xampp\htdocs\ReeyaEcommerce\stripe-php\lib\HttpClient\StreamingClientInterface.php", "PHP", 6, 0, 0, 0, 0, 0, 15, 3, 24
"c:\xampp\htdocs\ReeyaEcommerce\stripe-php\lib\Identity\VerificationReport.php", "PHP", 10, 0, 0, 0, 0, 0, 30, 6, 46
"c:\xampp\htdocs\ReeyaEcommerce\stripe-php\lib\Identity\VerificationSession.php", "PHP", 30, 0, 0, 0, 0, 0, 48, 11, 89
"c:\xampp\htdocs\ReeyaEcommerce\stripe-php\lib\Invoice.php", "PHP", 93, 0, 0, 0, 0, 0, 192, 27, 312
"c:\xampp\htdocs\ReeyaEcommerce\stripe-php\lib\InvoiceItem.php", "PHP", 11, 0, 0, 0, 0, 0, 48, 5, 64
"c:\xampp\htdocs\ReeyaEcommerce\stripe-php\lib\InvoiceLineItem.php", "PHP", 6, 0, 0, 0, 0, 0, 27, 4, 37
"c:\xampp\htdocs\ReeyaEcommerce\stripe-php\lib\Issuing\Authorization.php", "PHP", 23, 0, 0, 0, 0, 0, 52, 9, 84
"c:\xampp\htdocs\ReeyaEcommerce\stripe-php\lib\Issuing\Card.php", "PHP", 10, 0, 0, 0, 0, 0, 29, 5, 44
"c:\xampp\htdocs\ReeyaEcommerce\stripe-php\lib\Issuing\CardDetails.php", "PHP", 6, 0, 0, 0, 0, 0, 11, 3, 20
"c:\xampp\htdocs\ReeyaEcommerce\stripe-php\lib\Issuing\Cardholder.php", "PHP", 10, 0, 0, 0, 0, 0, 25, 5, 40
"c:\xampp\htdocs\ReeyaEcommerce\stripe-php\lib\Issuing\Dispute.php", "PHP", 17, 0, 0, 0, 0, 0, 31, 7, 55
"c:\xampp\htdocs\ReeyaEcommerce\stripe-php\lib\Issuing\Transaction.php", "PHP", 9, 0, 0, 0, 0, 0, 32, 5, 46
"c:\xampp\htdocs\ReeyaEcommerce\stripe-php\lib\LineItem.php", "PHP", 6, 0, 0, 0, 0, 0, 17, 4, 27
"c:\xampp\htdocs\ReeyaEcommerce\stripe-php\lib\LoginLink.php", "PHP", 6, 0, 0, 0, 0, 0, 6, 4, 16
"c:\xampp\htdocs\ReeyaEcommerce\stripe-php\lib\Mandate.php", "PHP", 7, 0, 0, 0, 0, 0, 16, 5, 28
"c:\xampp\htdocs\ReeyaEcommerce\stripe-php\lib\OAuth.php", "PHP", 60, 0, 0, 0, 0, 0, 29, 13, 102
"c:\xampp\htdocs\ReeyaEcommerce\stripe-php\lib\OAuthErrorObject.php", "PHP", 13, 0, 0, 0, 0, 0, 16, 3, 32
"c:\xampp\htdocs\ReeyaEcommerce\stripe-php\lib\PaymentIntent.php", "PHP", 65, 0, 0, 0, 0, 0, 111, 20, 196
"c:\xampp\htdocs\ReeyaEcommerce\stripe-php\lib\PaymentLink.php", "PHP", 28, 0, 0, 0, 0, 0, 54, 11, 93
"c:\xampp\htdocs\ReeyaEcommerce\stripe-php\lib\PaymentMethod.php", "PHP", 24, 0, 0, 0, 0, 0, 70, 9, 103
"c:\xampp\htdocs\ReeyaEcommerce\stripe-php\lib\Payout.php", "PHP", 51, 0, 0, 0, 0, 0, 51, 14, 116
"c:\xampp\htdocs\ReeyaEcommerce\stripe-php\lib\Person.php", "PHP", 47, 0, 0, 0, 0, 0, 63, 15, 125
"c:\xampp\htdocs\ReeyaEcommerce\stripe-php\lib\Plan.php", "PHP", 11, 0, 0, 0, 0, 0, 42, 5, 58
"c:\xampp\htdocs\ReeyaEcommerce\stripe-php\lib\Price.php", "PHP", 25, 0, 0, 0, 0, 0, 50, 11, 86
"c:\xampp\htdocs\ReeyaEcommerce\stripe-php\lib\Product.php", "PHP", 19, 0, 0, 0, 0, 0, 46, 8, 73
"c:\xampp\htdocs\ReeyaEcommerce\stripe-php\lib\PromotionCode.php", "PHP", 10, 0, 0, 0, 0, 0, 20, 5, 35
"c:\xampp\htdocs\ReeyaEcommerce\stripe-php\lib\Quote.php", "PHP", 62, 0, 0, 0, 0, 0, 91, 19, 172
"c:\xampp\htdocs\ReeyaEcommerce\stripe-php\lib\Radar\EarlyFraudWarning.php", "PHP", 15, 0, 0, 0, 0, 0, 18, 6, 39
"c:\xampp\htdocs\ReeyaEcommerce\stripe-php\lib\Radar\ValueList.php", "PHP", 11, 0, 0, 0, 0, 0, 20, 5, 36
"c:\xampp\htdocs\ReeyaEcommerce\stripe-php\lib\Radar\ValueListItem.php", "PHP", 10, 0, 0, 0, 0, 0, 17, 5, 32
"c:\xampp\htdocs\ReeyaEcommerce\stripe-php\lib\RecipientTransfer.php", "PHP", 6, 0, 0, 0, 0, 0, 28, 3, 37
"c:\xampp\htdocs\ReeyaEcommerce\stripe-php\lib\Refund.php", "PHP", 29, 0, 0, 0, 0, 0, 36, 10, 75
"c:\xampp\htdocs\ReeyaEcommerce\stripe-php\lib\Reporting\ReportRun.php", "PHP", 9, 0, 0, 0, 0, 0, 24, 5, 38
"c:\xampp\htdocs\ReeyaEcommerce\stripe-php\lib\Reporting\ReportType.php", "PHP", 8, 0, 0, 0, 0, 0, 23, 5, 36
"c:\xampp\htdocs\ReeyaEcommerce\stripe-php\lib\RequestTelemetry.php", "PHP", 12, 0, 0, 0, 0, 0, 11, 4, 27
"c:\xampp\htdocs\ReeyaEcommerce\stripe-php\lib\Review.php", "PHP", 21, 0, 0, 0, 0, 0, 38, 8, 67
"c:\xampp\htdocs\ReeyaEcommerce\stripe-php\lib\SearchResult.php", "PHP", 110, 0, 0, 0, 0, 0, 99, 29, 238
"c:\xampp\htdocs\ReeyaEcommerce\stripe-php\lib\Service\AbstractService.php", "PHP", 58, 0, 0, 0, 0, 0, 32, 16, 106
"c:\xampp\htdocs\ReeyaEcommerce\stripe-php\lib\Service\AbstractServiceFactory.php", "PHP", 29, 0, 0, 0, 0, 0, 30, 11, 70
"c:\xampp\htdocs\ReeyaEcommerce\stripe-php\lib\Service\AccountLinkService.php", "PHP", 9, 0, 0, 0, 0, 0, 13, 4, 26
"c:\xampp\htdocs\ReeyaEcommerce\stripe-php\lib\Service\AccountService.php", "PHP", 88, 0, 0, 0, 0, 0, 281, 24, 393
"c:\xampp\htdocs\ReeyaEcommerce\stripe-php\lib\Service\ApplePayDomainService.php", "PHP", 21, 0, 0, 0, 0, 0, 43, 7, 71
"c:\xampp\htdocs\ReeyaEcommerce\stripe-php\lib\Service\ApplicationFeeService.php", "PHP", 29, 0, 0, 0, 0, 0, 88, 9, 126
"c:\xampp\htdocs\ReeyaEcommerce\stripe-php\lib\Service\Apps\AppsServiceFactory.php", "PHP", 12, 0, 0, 0, 0, 0, 9, 5, 26
"c:\xampp\htdocs\ReeyaEcommerce\stripe-php\lib\Service\Apps\SecretService.php", "PHP", 21, 0, 0, 0, 0, 0, 41, 7, 69
"c:\xampp\htdocs\ReeyaEcommerce\stripe-php\lib\Service\BalanceService.php", "PHP", 9, 0, 0, 0, 0, 0, 14, 4, 27
"c:\xampp\htdocs\ReeyaEcommerce\stripe-php\lib\Service\BalanceTransactionService.php", "PHP", 13, 0, 0, 0, 0, 0, 30, 5, 48
"c:\xampp\htdocs\ReeyaEcommerce\stripe-php\lib\Service\BillingPortal\BillingPortalServiceFactory.php", "PHP", 13, 0, 0, 0, 0, 0, 10, 5, 28
"c:\xampp\htdocs\ReeyaEcommerce\stripe-php\lib\Service\BillingPortal\ConfigurationService.php", "PHP", 21, 0, 0, 0, 0, 0, 46, 7, 74
"c:\xampp\htdocs\ReeyaEcommerce\stripe-php\lib\Service\BillingPortal\SessionService.php", "PHP", 9, 0, 0, 0, 0, 0, 11, 4, 24
"c:\xampp\htdocs\ReeyaEcommerce\stripe-php\lib\Service\ChargeService.php", "PHP", 29, 0, 0, 0, 0, 0, 85, 9, 123
"c:\xampp\htdocs\ReeyaEcommerce\stripe-php\lib\Service\Checkout\CheckoutServiceFactory.php", "PHP", 12, 0, 0, 0, 0, 0, 9, 5, 26
"c:\xampp\htdocs\ReeyaEcommerce\stripe-php\lib\Service\Checkout\SessionService.php", "PHP", 25, 0, 0, 0, 0, 0, 60, 8, 93
"c:\xampp\htdocs\ReeyaEcommerce\stripe-php\lib\Service\CoreServiceFactory.php", "PHP", 69, 0, 0, 0, 0, 0, 66, 5, 140
"c:\xampp\htdocs\ReeyaEcommerce\stripe-php\lib\Service\CountrySpecService.php", "PHP", 13, 0, 0, 0, 0, 0, 22, 5, 40
"c:\xampp\htdocs\ReeyaEcommerce\stripe-php\lib\Service\CouponService.php", "PHP", 25, 0, 0, 0, 0, 0, 72, 8, 105
"c:\xampp\htdocs\ReeyaEcommerce\stripe-php\lib\Service\CreditNoteService.php", "PHP", 37, 0, 0, 0, 0, 0, 109, 11, 157
"c:\xampp\htdocs\ReeyaEcommerce\stripe-php\lib\Service\CustomerService.php", "PHP", 117, 0, 0, 0, 0, 0, 345, 31, 493
"c:\xampp\htdocs\ReeyaEcommerce\stripe-php\lib\Service\DisputeService.php", "PHP", 21, 0, 0, 0, 0, 0, 56, 7, 84
"c:\xampp\htdocs\ReeyaEcommerce\stripe-php\lib\Service\EphemeralKeyService.php", "PHP", 16, 0, 0, 0, 0, 0, 22, 6, 44
"c:\xampp\htdocs\ReeyaEcommerce\stripe-php\lib\Service\EventService.php", "PHP", 13, 0, 0, 0, 0, 0, 27, 5, 45
"c:\xampp\htdocs\ReeyaEcommerce\stripe-php\lib\Service\ExchangeRateService.php", "PHP", 13, 0, 0, 0, 0, 0, 24, 5, 42
"c:\xampp\htdocs\ReeyaEcommerce\stripe-php\lib\Service\FileLinkService.php", "PHP", 21, 0, 0, 0, 0, 0, 43, 7, 71
"c:\xampp\htdocs\ReeyaEcommerce\stripe-php\lib\Service\FileService.php", "PHP", 22, 0, 0, 0, 0, 0, 37, 8, 67
"c:\xampp\htdocs\ReeyaEcommerce\stripe-php\lib\Service\FinancialConnections\AccountService.php", "PHP", 25, 0, 0, 0, 0, 0, 57, 8, 90
"c:\xampp\htdocs\ReeyaEcommerce\stripe-php\lib\Service\FinancialConnections\FinancialConnectionsServiceFactory.php", "PHP", 13, 0, 0, 0, 0, 0, 10, 5, 28
"c:\xampp\htdocs\ReeyaEcommerce\stripe-php\lib\Service\FinancialConnections\SessionService.php", "PHP", 13, 0, 0, 0, 0, 0, 24, 5, 42
"c:\xampp\htdocs\ReeyaEcommerce\stripe-php\lib\Service\Identity\IdentityServiceFactory.php", "PHP", 13, 0, 0, 0, 0, 0, 10, 5, 28
"c:\xampp\htdocs\ReeyaEcommerce\stripe-php\lib\Service\Identity\VerificationReportService.php", "PHP", 13, 0, 0, 0, 0, 0, 22, 5, 40
"c:\xampp\htdocs\ReeyaEcommerce\stripe-php\lib\Service\Identity\VerificationSessionService.php", "PHP", 29, 0, 0, 0, 0, 0, 109, 9, 147
"c:\xampp\htdocs\ReeyaEcommerce\stripe-php\lib\Service\InvoiceItemService.php", "PHP", 25, 0, 0, 0, 0, 0, 61, 8, 94
"c:\xampp\htdocs\ReeyaEcommerce\stripe-php\lib\Service\InvoiceService.php", "PHP", 61, 0, 0, 0, 0, 0, 213, 17, 291
"c:\xampp\htdocs\ReeyaEcommerce\stripe-php\lib\Service\Issuing\AuthorizationService.php", "PHP", 25, 0, 0, 0, 0, 0, 69, 8, 102
"c:\xampp\htdocs\ReeyaEcommerce\stripe-php\lib\Service\Issuing\CardService.php", "PHP", 21, 0, 0, 0, 0, 0, 46, 7, 74
"c:\xampp\htdocs\ReeyaEcommerce\stripe-php\lib\Service\Issuing\CardholderService.php", "PHP", 21, 0, 0, 0, 0, 0, 47, 7, 75
"c:\xampp\htdocs\ReeyaEcommerce\stripe-php\lib\Service\Issuing\DisputeService.php", "PHP", 25, 0, 0, 0, 0, 0, 67, 8, 100
"c:\xampp\htdocs\ReeyaEcommerce\stripe-php\lib\Service\Issuing\IssuingServiceFactory.php", "PHP", 16, 0, 0, 0, 0, 0, 13, 5, 34
"c:\xampp\htdocs\ReeyaEcommerce\stripe-php\lib\Service\Issuing\TransactionService.php", "PHP", 17, 0, 0, 0, 0, 0, 37, 6, 60
"c:\xampp\htdocs\ReeyaEcommerce\stripe-php\lib\Service\MandateService.php", "PHP", 9, 0, 0, 0, 0, 0, 12, 4, 25
"c:\xampp\htdocs\ReeyaEcommerce\stripe-php\lib\Service\OAuthService.php", "PHP", 76, 0, 0, 0, 0, 0, 54, 21, 151
"c:\xampp\htdocs\ReeyaEcommerce\stripe-php\lib\Service\PaymentIntentService.php", "PHP", 49, 0, 0, 0, 0, 0, 213, 14, 276
"c:\xampp\htdocs\ReeyaEcommerce\stripe-php\lib\Service\PaymentLinkService.php", "PHP", 25, 0, 0, 0, 0, 0, 57, 8, 90
"c:\xampp\htdocs\ReeyaEcommerce\stripe-php\lib\Service\PaymentMethodService.php", "PHP", 29, 0, 0, 0, 0, 0, 98, 9, 136
"c:\xampp\htdocs\ReeyaEcommerce\stripe-php\lib\Service\PayoutService.php", "PHP", 29, 0, 0, 0, 0, 0, 90, 9, 128
"c:\xampp\htdocs\ReeyaEcommerce\stripe-php\lib\Service\PlanService.php", "PHP", 25, 0, 0, 0, 0, 0, 59, 8, 92
"c:\xampp\htdocs\ReeyaEcommerce\stripe-php\lib\Service\PriceService.php", "PHP", 25, 0, 0, 0, 0, 0, 60, 8, 93
"c:\xampp\htdocs\ReeyaEcommerce\stripe-php\lib\Service\ProductService.php", "PHP", 29, 0, 0, 0, 0, 0, 75, 9, 113
"c:\xampp\htdocs\ReeyaEcommerce\stripe-php\lib\Service\PromotionCodeService.php", "PHP", 21, 0, 0, 0, 0, 0, 48, 7, 76
"c:\xampp\htdocs\ReeyaEcommerce\stripe-php\lib\Service\QuoteService.php", "PHP", 49, 0, 0, 0, 0, 0, 116, 13, 178
"c:\xampp\htdocs\ReeyaEcommerce\stripe-php\lib\Service\Radar\EarlyFraudWarningService.php", "PHP", 13, 0, 0, 0, 0, 0, 26, 5, 44
"c:\xampp\htdocs\ReeyaEcommerce\stripe-php\lib\Service\Radar\RadarServiceFactory.php", "PHP", 14, 0, 0, 0, 0, 0, 11, 5, 30
"c:\xampp\htdocs\ReeyaEcommerce\stripe-php\lib\Service\Radar\ValueListItemService.php", "PHP", 21, 0, 0, 0, 0, 0, 47, 7, 75
"c:\xampp\htdocs\ReeyaEcommerce\stripe-php\lib\Service\Radar\ValueListService.php", "PHP", 25, 0, 0, 0, 0, 0, 61, 8, 94
"c:\xampp\htdocs\ReeyaEcommerce\stripe-php\lib\Service\RefundService.php", "PHP", 25, 0, 0, 0, 0, 0, 63, 8, 96
"c:\xampp\htdocs\ReeyaEcommerce\stripe-php\lib\Service\Reporting\ReportRunService.php", "PHP", 17, 0, 0, 0, 0, 0, 33, 6, 56
"c:\xampp\htdocs\ReeyaEcommerce\stripe-php\lib\Service\Reporting\ReportTypeService.php", "PHP", 13, 0, 0, 0, 0, 0, 23, 5, 41
"c:\xampp\htdocs\ReeyaEcommerce\stripe-php\lib\Service\Reporting\ReportingServiceFactory.php", "PHP", 13, 0, 0, 0, 0, 0, 10, 5, 28
"c:\xampp\htdocs\ReeyaEcommerce\stripe-php\lib\Service\ReviewService.php", "PHP", 17, 0, 0, 0, 0, 0, 36, 6, 59
"c:\xampp\htdocs\ReeyaEcommerce\stripe-php\lib\Service\SetupAttemptService.php", "PHP", 9, 0, 0, 0, 0, 0, 11, 4, 24
"c:\xampp\htdocs\ReeyaEcommerce\stripe-php\lib\Service\SetupIntentService.php", "PHP", 33, 0, 0, 0, 0, 0, 101, 10, 144
"c:\xampp\htdocs\ReeyaEcommerce\stripe-php\lib\Service\ShippingRateService.php", "PHP", 21, 0, 0, 0, 0, 0, 43, 7, 71
"c:\xampp\htdocs\ReeyaEcommerce\stripe-php\lib\Service\Sigma\ScheduledQueryRunService.php", "PHP", 13, 0, 0, 0, 0, 0, 22, 5, 40
"c:\xampp\htdocs\ReeyaEcommerce\stripe-php\lib\Service\Sigma\SigmaServiceFactory.php", "PHP", 12, 0, 0, 0, 0, 0, 9, 5, 26
"c:\xampp\htdocs\ReeyaEcommerce\stripe-php\lib\Service\SourceService.php", "PHP", 29, 0, 0, 0, 0, 0, 75, 9, 113
"c:\xampp\htdocs\ReeyaEcommerce\stripe-php\lib\Service\SubscriptionItemService.php", "PHP", 33, 0, 0, 0, 0, 0, 109, 10, 152
"c:\xampp\htdocs\ReeyaEcommerce\stripe-php\lib\Service\SubscriptionScheduleService.php", "PHP", 29, 0, 0, 0, 0, 0, 76, 9, 114
"c:\xampp\htdocs\ReeyaEcommerce\stripe-php\lib\Service\SubscriptionService.php", "PHP", 37, 0, 0, 0, 0, 0, 129, 11, 177
"c:\xampp\htdocs\ReeyaEcommerce\stripe-php\lib\Service\TaxCodeService.php", "PHP", 13, 0, 0, 0, 0, 0, 24, 5, 42
"c:\xampp\htdocs\ReeyaEcommerce\stripe-php\lib\Service\TaxRateService.php", "PHP", 21, 0, 0, 0, 0, 0, 44, 7, 72
"c:\xampp\htdocs\ReeyaEcommerce\stripe-php\lib\Service\Tax\CalculationService.php", "PHP", 13, 0, 0, 0, 0, 0, 22, 5, 40
"c:\xampp\htdocs\ReeyaEcommerce\stripe-php\lib\Service\Tax\TaxServiceFactory.php", "PHP", 13, 0, 0, 0, 0, 0, 10, 5, 28
"c:\xampp\htdocs\ReeyaEcommerce\stripe-php\lib\Service\Tax\TransactionService.php", "PHP", 21, 0, 0, 0, 0, 0, 43, 7, 71
"c:\xampp\htdocs\ReeyaEcommerce\stripe-php\lib\Service\Terminal\ConfigurationService.php", "PHP", 25, 0, 0, 0, 0, 0, 54, 8, 87
"c:\xampp\htdocs\ReeyaEcommerce\stripe-php\lib\Service\Terminal\ConnectionTokenService.php", "PHP", 9, 0, 0, 0, 0, 0, 13, 4, 26
"c:\xampp\htdocs\ReeyaEcommerce\stripe-php\lib\Service\Terminal\LocationService.php", "PHP", 25, 0, 0, 0, 0, 0, 57, 8, 90
"c:\xampp\htdocs\ReeyaEcommerce\stripe-php\lib\Service\Terminal\ReaderService.php", "PHP", 45, 0, 0, 0, 0, 0, 110, 13, 168
"c:\xampp\htdocs\ReeyaEcommerce\stripe-php\lib\Service\Terminal\TerminalServiceFactory.php", "PHP", 15, 0, 0, 0, 0, 0, 12, 5, 32
"c:\xampp\htdocs\ReeyaEcommerce\stripe-php\lib\Service\TestHelpers\CustomerService.php", "PHP", 9, 0, 0, 0, 0, 0, 12, 4, 25
"c:\xampp\htdocs\ReeyaEcommerce\stripe-php\lib\Service\TestHelpers\Issuing\CardService.php", "PHP", 21, 0, 0, 0, 0, 0, 49, 7, 77
"c:\xampp\htdocs\ReeyaEcommerce\stripe-php\lib\Service\TestHelpers\Issuing\IssuingServiceFactory.php", "PHP", 12, 0, 0, 0, 0, 0, 9, 5, 26
"c:\xampp\htdocs\ReeyaEcommerce\stripe-php\lib\Service\TestHelpers\RefundService.php", "PHP", 9, 0, 0, 0, 0, 0, 12, 4, 25
"c:\xampp\htdocs\ReeyaEcommerce\stripe-php\lib\Service\TestHelpers\Terminal\ReaderService.php", "PHP", 9, 0, 0, 0, 0, 0, 13, 4, 26
"c:\xampp\htdocs\ReeyaEcommerce\stripe-php\lib\Service\TestHelpers\Terminal\TerminalServiceFactory.php", "PHP", 12, 0, 0, 0, 0, 0, 9, 5, 26
"c:\xampp\htdocs\ReeyaEcommerce\stripe-php\lib\Service\TestHelpers\TestClockService.php", "PHP", 25, 0, 0, 0, 0, 0, 55, 8, 88
"c:\xampp\htdocs\ReeyaEcommerce\stripe-php\lib\Service\TestHelpers\TestHelpersServiceFactory.php", "PHP", 17, 0, 0, 0, 0, 0, 14, 5, 36
"c:\xampp\htdocs\ReeyaEcommerce\stripe-php\lib\Service\TestHelpers\Treasury\InboundTransferService.php", "PHP", 17, 0, 0, 0, 0, 0, 40, 6, 63
"c:\xampp\htdocs\ReeyaEcommerce\stripe-php\lib\Service\TestHelpers\Treasury\OutboundPaymentService.php", "PHP", 17, 0, 0, 0, 0, 0, 40, 6, 63
"c:\xampp\htdocs\ReeyaEcommerce\stripe-php\lib\Service\TestHelpers\Treasury\OutboundTransferService.php", "PHP", 17, 0, 0, 0, 0, 0, 40, 6, 63
"c:\xampp\htdocs\ReeyaEcommerce\stripe-php\lib\Service\TestHelpers\Treasury\ReceivedCreditService.php", "PHP", 9, 0, 0, 0, 0, 0, 13, 4, 26
"c:\xampp\htdocs\ReeyaEcommerce\stripe-php\lib\Service\TestHelpers\Treasury\ReceivedDebitService.php", "PHP", 9, 0, 0, 0, 0, 0, 13, 4, 26
"c:\xampp\htdocs\ReeyaEcommerce\stripe-php\lib\Service\TestHelpers\Treasury\TreasuryServiceFactory.php", "PHP", 16, 0, 0, 0, 0, 0, 13, 5, 34
"c:\xampp\htdocs\ReeyaEcommerce\stripe-php\lib\Service\TokenService.php", "PHP", 13, 0, 0, 0, 0, 0, 25, 5, 43
"c:\xampp\htdocs\ReeyaEcommerce\stripe-php\lib\Service\TopupService.php", "PHP", 25, 0, 0, 0, 0, 0, 57, 8, 90
"c:\xampp\htdocs\ReeyaEcommerce\stripe-php\lib\Service\TransferService.php", "PHP", 37, 0, 0, 0, 0, 0, 114, 11, 162
"c:\xampp\htdocs\ReeyaEcommerce\stripe-php\lib\Service\Treasury\CreditReversalService.php", "PHP", 17, 0, 0, 0, 0, 0, 34, 6, 57
"c:\xampp\htdocs\ReeyaEcommerce\stripe-php\lib\Service\Treasury\DebitReversalService.php", "PHP", 17, 0, 0, 0, 0, 0, 32, 6, 55
"c:\xampp\htdocs\ReeyaEcommerce\stripe-php\lib\Service\Treasury\FinancialAccountService.php", "PHP", 29, 0, 0, 0, 0, 0, 66, 9, 104
"c:\xampp\htdocs\ReeyaEcommerce\stripe-php\lib\Service\Treasury\InboundTransferService.php", "PHP", 21, 0, 0, 0, 0, 0, 43, 7, 71
"c:\xampp\htdocs\ReeyaEcommerce\stripe-php\lib\Service\Treasury\OutboundPaymentService.php", "PHP", 21, 0, 0, 0, 0, 0, 45, 7, 73
"c:\xampp\htdocs\ReeyaEcommerce\stripe-php\lib\Service\Treasury\OutboundTransferService.php", "PHP", 21, 0, 0, 0, 0, 0, 45, 7, 73
"c:\xampp\htdocs\ReeyaEcommerce\stripe-php\lib\Service\Treasury\ReceivedCreditService.php", "PHP", 13, 0, 0, 0, 0, 0, 23, 5, 41
"c:\xampp\htdocs\ReeyaEcommerce\stripe-php\lib\Service\Treasury\ReceivedDebitService.php", "PHP", 13, 0, 0, 0, 0, 0, 23, 5, 41
"c:\xampp\htdocs\ReeyaEcommerce\stripe-php\lib\Service\Treasury\TransactionEntryService.php", "PHP", 13, 0, 0, 0, 0, 0, 22, 5, 40
"c:\xampp\htdocs\ReeyaEcommerce\stripe-php\lib\Service\Treasury\TransactionService.php", "PHP", 13, 0, 0, 0, 0, 0, 22, 5, 40
"c:\xampp\htdocs\ReeyaEcommerce\stripe-php\lib\Service\Treasury\TreasuryServiceFactory.php", "PHP", 21, 0, 0, 0, 0, 0, 18, 5, 44
"c:\xampp\htdocs\ReeyaEcommerce\stripe-php\lib\Service\WebhookEndpointService.php", "PHP", 25, 0, 0, 0, 0, 0, 65, 8, 98
"c:\xampp\htdocs\ReeyaEcommerce\stripe-php\lib\SetupAttempt.php", "PHP", 7, 0, 0, 0, 0, 0, 23, 5, 35
"c:\xampp\htdocs\ReeyaEcommerce\stripe-php\lib\SetupIntent.php", "PHP", 37, 0, 0, 0, 0, 0, 86, 12, 135
"c:\xampp\htdocs\ReeyaEcommerce\stripe-php\lib\ShippingRate.php", "PHP", 14, 0, 0, 0, 0, 0, 21, 7, 42
"c:\xampp\htdocs\ReeyaEcommerce\stripe-php\lib\Sigma\ScheduledQueryRun.php", "PHP", 12, 0, 0, 0, 0, 0, 20, 6, 38
"c:\xampp\htdocs\ReeyaEcommerce\stripe-php\lib\SingletonApiResource.php", "PHP", 14, 0, 0, 0, 0, 0, 12, 6, 32
"c:\xampp\htdocs\ReeyaEcommerce\stripe-php\lib\Source.php", "PHP", 59, 0, 0, 0, 0, 0, 81, 20, 160
"c:\xampp\htdocs\ReeyaEcommerce\stripe-php\lib\SourceTransaction.php", "PHP", 6, 0, 0, 0, 0, 0, 12, 3, 21
"c:\xampp\htdocs\ReeyaEcommerce\stripe-php\lib\Stripe.php", "PHP", 125, 0, 0, 0, 0, 0, 110, 44, 279
"c:\xampp\htdocs\ReeyaEcommerce\stripe-php\lib\StripeClient.php", "PHP", 17, 0, 0, 0, 0, 0, 66, 7, 90
"c:\xampp\htdocs\ReeyaEcommerce\stripe-php\lib\StripeClientInterface.php", "PHP", 6, 0, 0, 0, 0, 0, 13, 3, 22
"c:\xampp\htdocs\ReeyaEcommerce\stripe-php\lib\StripeObject.php", "PHP", 330, 0, 0, 0, 0, 0, 216, 64, 610
"c:\xampp\htdocs\ReeyaEcommerce\stripe-php\lib\StripeStreamingClientInterface.php", "PHP", 6, 0, 0, 0, 0, 0, 3, 3, 12
"c:\xampp\htdocs\ReeyaEcommerce\stripe-php\lib\Subscription.php", "PHP", 65, 0, 0, 0, 0, 0, 84, 19, 168
"c:\xampp\htdocs\ReeyaEcommerce\stripe-php\lib\SubscriptionItem.php", "PHP", 22, 0, 0, 0, 0, 0, 34, 9, 65
"c:\xampp\htdocs\ReeyaEcommerce\stripe-php\lib\SubscriptionSchedule.php", "PHP", 24, 0, 0, 0, 0, 0, 44, 9, 77
"c:\xampp\htdocs\ReeyaEcommerce\stripe-php\lib\TaxCode.php", "PHP", 8, 0, 0, 0, 0, 0, 10, 5, 23
"c:\xampp\htdocs\ReeyaEcommerce\stripe-php\lib\TaxId.php", "PHP", 86, 0, 0, 0, 0, 0, 28, 12, 126
"c:\xampp\htdocs\ReeyaEcommerce\stripe-php\lib\TaxRate.php", "PHP", 20, 0, 0, 0, 0, 0, 27, 6, 53
"c:\xampp\htdocs\ReeyaEcommerce\stripe-php\lib\Tax\Calculation.php", "PHP", 15, 0, 0, 0, 0, 0, 31, 7, 53
"c:\xampp\htdocs\ReeyaEcommerce\stripe-php\lib\Tax\CalculationLineItem.php", "PHP", 8, 0, 0, 0, 0, 0, 14, 5, 27
"c:\xampp\htdocs\ReeyaEcommerce\stripe-php\lib\Tax\Transaction.php", "PHP", 33, 0, 0, 0, 0, 0, 48, 12, 93
"c:\xampp\htdocs\ReeyaEcommerce\stripe-php\lib\Tax\TransactionLineItem.php", "PHP", 10, 0, 0, 0, 0, 0, 15, 6, 31
"c:\xampp\htdocs\ReeyaEcommerce\stripe-php\lib\Terminal\Configuration.php", "PHP", 11, 0, 0, 0, 0, 0, 13, 5, 29
"c:\xampp\htdocs\ReeyaEcommerce\stripe-php\lib\Terminal\ConnectionToken.php", "PHP", 7, 0, 0, 0, 0, 0, 11, 5, 23
"c:\xampp\htdocs\ReeyaEcommerce\stripe-php\lib\Terminal\Location.php", "PHP", 11, 0, 0, 0, 0, 0, 15, 5, 31
"c:\xampp\htdocs\ReeyaEcommerce\stripe-php\lib\Terminal\Reader.php", "PHP", 46, 0, 0, 0, 0, 0, 61, 15, 122
"c:\xampp\htdocs\ReeyaEcommerce\stripe-php\lib\TestHelpers\TestClock.php", "PHP", 20, 0, 0, 0, 0, 0, 26, 8, 54
"c:\xampp\htdocs\ReeyaEcommerce\stripe-php\lib\Token.php", "PHP", 12, 0, 0, 0, 0, 0, 40, 6, 58
"c:\xampp\htdocs\ReeyaEcommerce\stripe-php\lib\Topup.php", "PHP", 22, 0, 0, 0, 0, 0, 34, 8, 64
"c:\xampp\htdocs\ReeyaEcommerce\stripe-php\lib\Transfer.php", "PHP", 31, 0, 0, 0, 0, 0, 71, 11, 113
"c:\xampp\htdocs\ReeyaEcommerce\stripe-php\lib\TransferReversal.php", "PHP", 31, 0, 0, 0, 0, 0, 40, 9, 80
"c:\xampp\htdocs\ReeyaEcommerce\stripe-php\lib\Treasury\CreditReversal.php", "PHP", 14, 0, 0, 0, 0, 0, 22, 7, 43
"c:\xampp\htdocs\ReeyaEcommerce\stripe-php\lib\Treasury\DebitReversal.php", "PHP", 14, 0, 0, 0, 0, 0, 23, 7, 44
"c:\xampp\htdocs\ReeyaEcommerce\stripe-php\lib\Treasury\FinancialAccount.php", "PHP", 27, 0, 0, 0, 0, 0, 39, 10, 76
"c:\xampp\htdocs\ReeyaEcommerce\stripe-php\lib\Treasury\FinancialAccountFeatures.php", "PHP", 6, 0, 0, 0, 0, 0, 15, 4, 25
"c:\xampp\htdocs\ReeyaEcommerce\stripe-php\lib\Treasury\InboundTransfer.php", "PHP", 20, 0, 0, 0, 0, 0, 38, 8, 66
"c:\xampp\htdocs\ReeyaEcommerce\stripe-php\lib\Treasury\OutboundPayment.php", "PHP", 21, 0, 0, 0, 0, 0, 41, 8, 70
"c:\xampp\htdocs\ReeyaEcommerce\stripe-php\lib\Treasury\OutboundTransfer.php", "PHP", 21, 0, 0, 0, 0, 0, 41, 8, 70
"c:\xampp\htdocs\ReeyaEcommerce\stripe-php\lib\Treasury\ReceivedCredit.php", "PHP", 17, 0, 0, 0, 0, 0, 24, 8, 49
"c:\xampp\htdocs\ReeyaEcommerce\stripe-php\lib\Treasury\ReceivedDebit.php", "PHP", 17, 0, 0, 0, 0, 0, 23, 8, 48
"c:\xampp\htdocs\ReeyaEcommerce\stripe-php\lib\Treasury\Transaction.php", "PHP", 20, 0, 0, 0, 0, 0, 22, 7, 49
"c:\xampp\htdocs\ReeyaEcommerce\stripe-php\lib\Treasury\TransactionEntry.php", "PHP", 37, 0, 0, 0, 0, 0, 19, 7, 63
"c:\xampp\htdocs\ReeyaEcommerce\stripe-php\lib\UsageRecord.php", "PHP", 6, 0, 0, 0, 0, 0, 16, 4, 26
"c:\xampp\htdocs\ReeyaEcommerce\stripe-php\lib\UsageRecordSummary.php", "PHP", 6, 0, 0, 0, 0, 0, 10, 4, 20
"c:\xampp\htdocs\ReeyaEcommerce\stripe-php\lib\Util\ApiVersion.php", "PHP", 6, 0, 0, 0, 0, 0, 1, 4, 11
"c:\xampp\htdocs\ReeyaEcommerce\stripe-php\lib\Util\CaseInsensitiveArray.php", "PHP", 55, 0, 0, 0, 0, 0, 28, 14, 97
"c:\xampp\htdocs\ReeyaEcommerce\stripe-php\lib\Util\DefaultLogger.php", "PHP", 18, 0, 0, 0, 0, 0, 6, 6, 30
"c:\xampp\htdocs\ReeyaEcommerce\stripe-php\lib\Util\LoggerInterface.php", "PHP", 6, 0, 0, 0, 0, 0, 26, 3, 35
"c:\xampp\htdocs\ReeyaEcommerce\stripe-php\lib\Util\ObjectTypes.php", "PHP", 115, 0, 0, 0, 0, 0, 4, 4, 123
"c:\xampp\htdocs\ReeyaEcommerce\stripe-php\lib\Util\RandomGenerator.php", "PHP", 16, 0, 0, 0, 0, 0, 16, 5, 37
"c:\xampp\htdocs\ReeyaEcommerce\stripe-php\lib\Util\RequestOptions.php", "PHP", 111, 0, 0, 0, 0, 0, 37, 26, 174
"c:\xampp\htdocs\ReeyaEcommerce\stripe-php\lib\Util\Set.php", "PHP", 36, 0, 0, 0, 0, 0, 3, 10, 49
"c:\xampp\htdocs\ReeyaEcommerce\stripe-php\lib\Util\Util.php", "PHP", 158, 0, 0, 0, 0, 0, 71, 37, 266
"c:\xampp\htdocs\ReeyaEcommerce\stripe-php\lib\Webhook.php", "PHP", 18, 0, 0, 0, 0, 0, 18, 7, 43
"c:\xampp\htdocs\ReeyaEcommerce\stripe-php\lib\WebhookEndpoint.php", "PHP", 11, 0, 0, 0, 0, 0, 26, 5, 42
"c:\xampp\htdocs\ReeyaEcommerce\stripe-php\lib\WebhookSignature.php", "PHP", 79, 0, 0, 0, 0, 0, 46, 16, 141
"c:\xampp\htdocs\ReeyaEcommerce\verify-user.php", "PHP", 175, 0, 0, 0, 0, 0, 7, 31, 213
"c:\xampp\htdocs\ReeyaEcommerce\wishlist.php", "PHP", 114, 0, 0, 0, 0, 0, 0, 13, 127
"Total", "-", 13391, 1518, 48, 544, 2736, 1195, 12358, 4295, 36085